{
 "mdsDat": {
 "x": [ 0.3291005, -0.2459943, -0.08310612 ],
"y": [ -0.08539176, -0.2160932, 0.301485 ],
"topics": [ 1, 2, 3 ],
"Freq": [ 34.13037, 33.28509, 32.58455 ],
"cluster": [        1,        1,        1 ] 
},
"tinfo": {
 "Term": [ "교육", "기획", "프로그램", "운영", "조직문화", "진행", "수립", "직무", "관리", "콘텐츠", "개발", "가치", "핵심", "구성", "입사", "체계", "직원", "역량", "온보딩", "연구", "설계", "과정", "활성화", "강의", "시스템", "향상", "조직", "온라인", "개선", "몰입", "진행", "수립", "가치", "체계", "연구", "설계", "활성화", "시스템", "향상", "몰입", "진단", "행사", "성장", "구축", "방식", "해결", "보상", "적용", "문제", "비전", "직무", "국내외", "내부", "단계", "미션", "정체성", "필요", "경험", "공유", "목표", "관리", "콘텐츠", "구성", "과정", "강의", "온라인", "교육", "결과", "방안", "파악", "전반", "제공", "환경", "효과", "계획", "서비스", "커리큘럼", "평가", "프로젝트", "학습", "강사", "마련", "내재", "담당", "이슈", "측정", "홍보", "활용", "정책", "직군", "프로그램", "기획", "입사", "역량", "지원", "개선안", "인재", "세미나", "확립", "기반", "모니터링", "법정", "전문", "성과", "채널", "발전", "사례", "정보", "제도", "협업", "온보딩", "감수", "달성", "미팅", "적합", "리더십", "운영", "만족", "직원", "트랜드", "핵심", "조직문화", "개선", "개발", "전략", "전파", "활동", "조직", "피드백", "채용", "의사소통", "강화", "조직", "프로세스", "인사", "분석", "개발", "프로세스", "지속", "운영", "학습자", "육성", "조직문화", "강화", "분석" ],
"logprob": [       30,       29,       28,       27,       26,       25,       24,       23,       22,       21,       20,       19,       18,       17,       16,       15,       14,       13,       12,       11,       10,        9,        8,        7,        6,        5,        4,        3,        2,        1,  -2.3925,  -2.5718,  -2.9443,  -3.6351,  -3.7884,  -3.8453,  -3.9697,  -4.1117,  -4.1117,  -4.1912,  -4.1912,  -4.1912,  -4.2774,  -4.3718,  -4.3718,  -4.5925,  -4.7243,  -4.7243,  -4.8761,  -4.8761,  -2.6222,  -5.0551,  -5.0551,  -5.0551,  -5.0551,  -5.0551,  -5.0551,  -5.2734,  -5.2734,  -5.2734,  -2.7637,  -2.8062,  -3.2325,  -3.8582,  -4.0644,  -4.1438,  -1.3947,  -4.2301,  -4.2301,  -4.2301,  -4.4287,  -4.4287,  -4.4287,  -4.4287,  -4.5451,  -4.5451,  -4.5451,  -4.5451,  -4.5451,  -4.5451,  -4.6769,  -4.6769,  -4.8287,  -4.8287,  -4.8287,  -4.8287,  -4.8287,  -4.8287,  -5.0078,  -5.0078,  -1.9593,  -1.5326,  -3.4508,  -3.6834,  -4.3205,  -4.4248,  -4.4248,  -4.5412,   -4.673,  -4.8248,  -4.8248,  -4.8248,  -4.8248,  -5.0038,  -5.0038,  -5.2221,  -5.2221,  -5.2221,  -5.2221,  -5.2221,  -3.5838,  -5.5017,  -5.5017,  -5.5017,  -5.5017,  -4.1398,  -1.8786,  -4.2261,  -3.3711,  -5.0038,  -2.9443,  -2.0984,   -3.794,   -2.541,  -4.1912,  -4.1398,  -4.1117,  -3.7371,  -5.0038,  -4.2774,  -4.1912,  -4.2301,  -4.0382,  -4.3718,  -4.5451,   -4.673,  -3.8542,  -4.5412,  -4.5925,  -3.8582,  -4.6769,  -4.7243,  -4.4248,  -5.0038,  -4.8287 ],
"loglift": [       30,       29,       28,       27,       26,       25,       24,       23,       22,       21,       20,       19,       18,       17,       16,       15,       14,       13,       12,       11,       10,        9,        8,        7,        6,        5,        4,        3,        2,        1,   1.0722,   1.0717,   1.0702,   1.0654,   1.0638,   1.0632,   1.0616,   1.0596,   1.0596,   1.0584,   1.0584,   1.0584,   1.0569,   1.0551,   1.0551,   1.0503,   1.0468,   1.0468,   1.0423,   1.0423,    1.037,    1.036,    1.036,    1.036,    1.036,    1.036,    1.036,   1.0267,   1.0267,   1.0267,    1.096,   1.0958,   1.0936,    1.088,   1.0852,    1.084,   1.0836,   1.0826,   1.0826,   1.0826,   1.0787,   1.0787,   1.0787,   1.0787,   1.0761,   1.0761,   1.0761,   1.0761,   1.0761,   1.0761,   1.0728,   1.0728,   1.0684,   1.0684,   1.0684,   1.0684,   1.0684,   1.0684,   1.0623,   1.0623,   1.1195,   1.1139,    1.113,   1.1109,   1.1016,   1.0995,   1.0995,   1.0968,   1.0934,   1.0889,   1.0889,   1.0889,   1.0889,   1.0826,   1.0826,   1.0734,   1.0734,   1.0734,   1.0734,   1.0734,   1.0652,   1.0584,   1.0584,   1.0584,   1.0584,   1.0271,   0.9886,   0.9412,   0.9368,   0.9106,   1.0238,   0.9754,   0.8569,   0.8651,    0.907,   0.7652,   0.7915,   0.5443,   0.9071,   0.7492,   0.7129,   0.7214,   0.2432,   0.4783,   0.7729,   0.4857,  -0.4482,   0.3089,    0.497,   -0.991,   0.6422,   0.6083,   -1.351,  -0.0524,     0.33 ],
"Freq": [      191,      161,      104,      129,      105,       71,       59,       58,       48,       46,       75,       41,       43,       30,       23,       20,       30,       18,       21,       17,       16,       16,       14,       13,       12,       12,       31,       12,       21,       11,  71.0609, 59.39563, 40.92563, 20.51142, 17.59511,   16.623, 14.67879, 12.73458, 12.73458, 11.76247, 11.76247, 11.76247, 10.79037, 9.818263, 9.818263, 7.874053, 6.901948, 6.901948, 5.929842, 5.929842, 56.47932, 4.957737, 4.957737, 4.957737, 4.957737, 4.957737, 4.957737, 3.985632, 3.985632, 3.985632,  47.8121, 45.82407, 29.91984, 16.00363, 13.02159, 12.02758, 187.9681, 11.03356, 11.03356, 11.03356, 9.045532, 9.045532, 9.045532, 9.045532, 8.051517, 8.051517, 8.051517, 8.051517, 8.051517, 8.051517, 7.057503, 7.057503, 6.063488, 6.063488, 6.063488, 6.063488, 6.063488, 6.063488, 5.069474, 5.069474, 104.6298, 160.3152, 23.54416, 18.65948, 9.867053, 8.890117, 8.890117, 7.913181, 6.936245, 5.959309, 5.959309, 5.959309, 5.959309, 4.982373, 4.982373, 4.005438, 4.005438, 4.005438, 4.005438, 4.005438, 20.61335, 3.028502, 3.028502, 3.028502, 3.028502, 11.82093, 113.4223, 10.84399, 25.49803, 4.982373, 40.92563, 95.36353, 16.70561, 59.74027, 11.76247, 11.82093, 12.73458, 17.68254, 4.982373, 10.79037, 11.76247, 11.03356, 13.70668, 9.818263, 8.051517, 6.936245, 15.72867, 7.913181, 7.874053, 16.00363, 7.057503, 6.901948, 8.890117, 4.982373, 6.063488 ],
"Total": [      191,      161,      104,      129,      105,       71,       59,       58,       48,       46,       75,       41,       43,       30,       23,       20,       30,       18,       21,       17,       16,       16,       14,       13,       12,       12,       31,       12,       21,       11, 71.25799, 59.59273, 41.12273, 20.70852,  17.7922,  16.8201, 14.87588, 12.93167, 12.93167, 11.95957, 11.95957, 11.95957, 10.98746, 10.01536, 10.01536, 8.071148, 7.099043, 7.099043, 6.126937, 6.126937, 58.66444, 5.154832, 5.154832, 5.154832, 5.154832, 5.154832, 5.154832, 4.182727, 4.182727, 4.182727,   48.007, 46.01897, 30.11474, 16.19854, 13.21649, 12.22248, 191.0794, 11.22846, 11.22846, 11.22846, 9.240436, 9.240436, 9.240436, 9.240436, 8.246421, 8.246421, 8.246421, 8.246421, 8.246421, 8.246421, 7.252407, 7.252407, 6.258392, 6.258392, 6.258392, 6.258392, 6.258392, 6.258392, 5.264378, 5.264378, 104.8265, 161.5058, 23.74077, 18.85609, 10.06367, 9.086729, 9.086729, 8.109793, 7.132857, 6.155921, 6.155921, 6.155921, 6.155921, 5.178985, 5.178985, 4.202049, 4.202049, 4.202049, 4.202049, 4.202049, 21.80398, 3.225114, 3.225114, 3.225114, 3.225114, 12.98964, 129.5231, 12.98481, 30.66471, 6.151091,  43.0766, 105.3471, 21.76274, 75.56615, 13.91344, 16.87806, 16.90773, 31.48863,    6.173, 14.94644, 16.89548, 16.11314, 31.48863, 17.83085, 11.16757, 13.09694, 75.56615, 17.83085, 14.03523, 129.5231, 11.15532, 11.00679, 105.3471, 16.11314, 13.09694 ],